date_str,service_id,territory_id,add_drop,previous_track_position,chart_position,track_isrc,track_name,artist_name,stream_count,peak_ranking,peak_ranking_date,url,label
2017-11-09,1,global,drop,185,-1,GBUM71703750,Palace,Sam Smith,518330,134,2017-11-06,https://open.spotify.com/track/3zesxb7sOGbeSwUrzLUP0f,Digital Distribution Trinidad and Tobago
2017-11-09,1,global,drop,187,-1,GBUM71703752,The Thrill Of It All,Sam Smith,516650,136,2017-11-06,https://open.spotify.com/track/6TwcRSQgztJFw8tQDrs35D,Digital Distribution Trinidad and Tobago
2017-11-09,1,global,drop,188,-1,GBUM71703753,Scars,Sam Smith,513194,141,2017-11-06,https://open.spotify.com/track/6t4rYZeShwJai1YSs0tWOQ,Digital Distribution Trinidad and Tobago
2017-11-09,1,global,drop,173,-1,QZ45A1700065,My Choppa Hate Niggas,21 Savage,531501,76,2017-11-01,https://open.spotify.com/track/2D2w9943rsnJOGCrI4aMQp,Epic
2017-11-09,1,global,drop,192,-1,USUG11702041,Pull Up N Wreck (With Metro Boomin),Big Sean,503220,184,2017-11-03,https://open.spotify.com/track/0Gux2yTMWYOlcBUNjGJu5p,Universal Music Group
2017-11-09,1,global,drop,200,-1,USUM71701077,Now Or Never,Halsey,485272,28,2017-06-05,https://open.spotify.com/track/7i2DJ88J7jQ8K7zqFX2fW8,Astralwerks (ASW)
2017-11-09,1,global,drop,180,-1,USUM71708071,do re mi (feat. Gucci Mane),blackbear,523617,107,2017-10-01,https://open.spotify.com/track/53mrVsi49rLHIaKBiSvElG,Beartrap/Alamo/Interscope Records
2017-11-09,1,global,drop,36,-1,USXDR1700552,Se Preparó,Ozuna,1470034,29,2017-11-04,https://open.spotify.com/track/1m69ELEgE6k5ZWsap40ozt,VP Records Corp/Dimelo Vi
2017-11-09,1,global,,1,1,USUM71710087,rockstar,Post Malone,5694467,1,2017-09-17,https://open.spotify.com/track/7wGoVu4Dady5GV0Sv4UIsx,Universal Music Group
2017-11-09,1,global,,2,2,USSM11706905,Havana,Camila Cabello,4625021,2,2017-10-22,https://open.spotify.com/track/0ofbQMrRDsUaVKq2mGLEAb,Syco Music/Epic
2017-11-09,1,global,,3,3,GBUM71704089,Too Good At Goodbyes,Sam Smith,4030313,1,2017-09-11,https://open.spotify.com/track/1mXVgsBdtIVeCLJnSnmtdV,Capitol
2017-11-09,1,global,,4,4,GBAHT1600310,New Rules,Dua Lipa,3652185,2,2017-09-28,https://open.spotify.com/track/2ekn2ttSfGqwhhate0LSR0,Warner Bros.
2017-11-09,1,global,,5,5,USUM71709292,What Lovers Do (feat. SZA),Maroon 5,3463829,4,2017-10-28,https://open.spotify.com/track/3hBBKuWJfxlIlnd9QFoC8k,222 Records/Interscope Records
2017-11-09,1,global,,6,6,USUM71712103,Wolves,Selena Gomez,3211878,4,2017-10-27,https://open.spotify.com/track/7EmGUiUaOSGDnUUQUDrOXC,Interscope Records
2017-11-09,1,global,,7,7,GBAHS1700024,Perfect,Ed Sheeran,3082293,6,2017-03-06,https://open.spotify.com/track/0tgVpDi06FyKpA1z0VMD4v,Atlantic Records UK
2017-11-09,1,global,,9,8,USWB11701486,Gucci Gang,Lil Pump,2948907,8,2017-11-09,https://open.spotify.com/track/43ZyHQITOjhciSUUNPVRHc,Warner Bros.
2017-11-09,1,global,,8,9,USRC11702155,Dusk Till Dawn - Radio Edit,ZAYN,2937778,3,2017-10-11,https://open.spotify.com/track/1j4kHkkpqZRBwE0A4CN4Yv,RCA Records Label
2017-11-09,1,global,,10,10,USUM71708226,Let You Down,NF,2768026,10,2017-10-31,https://open.spotify.com/track/6mrKP2jyIQmM0rw6fQryjr,Capitol CMG Label Group
2017-11-09,1,global,,11,11,USRC11701901,Silence,Marshmello,2762823,7,2017-10-09,https://open.spotify.com/track/7vGuf3Y35N4wmASOKLUVVU,Joytime Collective/RCA Records
2017-11-09,1,global,,12,12,USUM71702778,1-800-273-8255,Logic,2479703,3,2017-10-13,https://open.spotify.com/track/5tz69p7tJuGPeMGwNTxYuV,Def Jam Recordings
2017-11-09,1,global,,13,13,USUM71614475,I Fall Apart,Post Malone,2445509,10,2017-10-18,https://open.spotify.com/track/75ZvA4QfFiZvzhj2xkaWAh,Universal Records
2017-11-09,1,global,,14,14,USRC11700144,Young Dumb & Broke,Khalid,2157325,11,2017-10-16,https://open.spotify.com/track/5Z3GHaZ6ec9bsiI5BenrbY,"Right Hand Music Group, LLC/RCA Records"
2017-11-09,1,global,,16,15,SEBGA1700242,Stargazing,Kygo,2139727,15,2017-11-01,https://open.spotify.com/track/0Zbbxnx4SGGHoIow4PpISP,Kygo
2017-11-09,1,global,,15,16,USAT21702278,How Long,Charlie Puth,2083753,15,2017-11-05,https://open.spotify.com/track/32DGGj6KlNuBr6WaqRxpxi,Artist Partner
2017-11-09,1,global,,18,17,GBAHS1600463,Shape of You,Ed Sheeran,1953698,1,2017-01-06,https://open.spotify.com/track/7qiZfU4dY1lWllzX7mPBI3,Atlantic Records UK
2017-11-09,1,global,,19,18,USUM71707196,Sorry Not Sorry,Demi Lovato,1908108,7,2017-09-03,https://open.spotify.com/track/3m660poUr1chesgkkjQM7P,Demi LP2 - Island/Hollywood
2017-11-09,1,global,,17,19,USAT21700437,Feel It Still,Portugal. The Man,1902558,17,2017-11-01,https://open.spotify.com/track/6QgjcU0zLnzq5OrUoSZ3OK,Atlantic Records
2017-11-09,1,global,,20,20,USUM71709685,"Let Me Go (with Alesso, Florida Georgia Line & watt)",Hailee Steinfeld,1853995,20,2017-11-07,https://open.spotify.com/track/5AEtlRudpgdT5FtNiuly6Y,Universal Music Group
2017-11-09,1,global,,21,21,USSM11703478,Unforgettable,French Montana,1836592,3,2017-07-17,https://open.spotify.com/track/3B54sVLJ402zGa6Xm4YGNe,Bad Boy Entertainment/Epic Records
2017-11-09,1,global,,23,22,USAT21703440,XO TOUR Llif3,Lil Uzi Vert,1817506,10,2017-08-25,https://open.spotify.com/track/7GX5flRQZVHRAGd6B4TmDO,Generation Now/Atlantic
2017-11-09,1,global,,22,23,SE5R71700108,Lonely Together (feat. Rita Ora),Avicii,1815821,22,2017-11-04,https://open.spotify.com/track/2OALaHcDdKkjYEpAr0Qzab,Digital Distribution Israel
2017-11-09,1,global,,24,24,USUM71704167,Thunder,Imagine Dragons,1774092,7,2017-06-24,https://open.spotify.com/track/0tKcYR2II1VCQWT79i5NrW,Digital Distribution Trinidad and Tobago
2017-11-09,1,global,,25,25,FR22F1701790,Mi Gente,J Balvin,1767904,1,2017-07-31,https://open.spotify.com/track/2rb5MvYT7ZIxbKW5hfcHx8,Digital Distribution Trinidad and Tobago
2017-11-09,1,global,,27,26,QZ8TY1700001,Glorious (feat. Skylar Grey),Macklemore,1701439,13,2017-09-28,https://open.spotify.com/track/0CokSRCu5hZgPxcZBaEzVE,Bendo LLC
2017-11-09,1,global,,28,27,USSM11705546,Bank Account,21 Savage,1678835,21,2017-10-21,https://open.spotify.com/track/2fQrGHiQOvpL9UgPvtYy6G,"Slaughter Gang, LLC/Epic Records"
2017-11-09,1,global,,29,28,USUM71614484,Congratulations,Post Malone,1659252,20,2017-06-12,https://open.spotify.com/track/3a1lNhkSLSkpJE4MSHpDu9,Universal Records
2017-11-09,1,global,,26,29,GBUM71705145,Pray,Sam Smith,1656348,21,2017-11-06,https://open.spotify.com/track/7DsX5K72fewVGb47qj7Tbg,Capitol
2017-11-09,1,global,,30,30,USB271700112,Criminal,Natti Natasha,1616827,27,2017-11-04,https://open.spotify.com/track/2SmgFAhQkQCQPyBiBxR6Te,Pina Records
2017-11-09,1,global,,32,31,USUM71712002,MotorSport,Migos,1507053,30,2017-11-03,https://open.spotify.com/track/1YZfcVLbbJwfizR5cDOp3q,"Quality Control Music, LLC"
2017-11-09,1,global,add,-1,32,QZ22B1856372,Ella Se Preparó,Dj Ozuna,1496980,32,2017-11-09,https://open.spotify.com/track/1YqcGlCHNquxBhlUZsjhMT,Golden Urban Records
2017-11-09,1,global,,35,33,FR22F1702140,Mi Gente (feat. Beyoncé),J Balvin,1492096,13,2017-09-29,https://open.spotify.com/track/7fwXWKdDNI5IutOMc5OKYw,Digital Distribution Trinidad and Tobago
2017-11-09,1,global,,33,34,USUM71709101,Friends (with BloodPop®),Justin Bieber,1490938,2,2017-08-18,https://open.spotify.com/track/7nZmah2llfvLDiUjm0kiyz,Universal Music Group
2017-11-09,1,global,,31,35,USRC11701586,What About Us,P!nk,1484198,14,2017-10-16,https://open.spotify.com/track/0Qh38w01QRXK6KHIv0e3hb,RCA Records Label
2017-11-09,1,global,,37,36,USWL11700128,Me Rehúso,Danny Ocean,1473271,18,2017-08-06,https://open.spotify.com/track/6De0lHrwBfPfrhorm9q1Xl,Atlantic Records
2017-11-09,1,global,,34,37,USAT21700928,Attention,Charlie Puth,1460656,5,2017-06-01,https://open.spotify.com/track/4iLqG9SeJSnt0cSPICSjxv,Artist Partner
2017-11-09,1,global,,38,38,USAT21701762,Bodak Yellow,Cardi B,1433254,15,2017-09-28,https://open.spotify.com/track/2771LMNxwf62FTAdpJMQfM,KSR/Atlantic
2017-11-09,1,global,,39,39,USRC11702117,No Limit,G-Eazy,1392751,39,2017-11-08,https://open.spotify.com/track/2Xqd0wUttjueBfdcltADOv,BPG/RVG/RCA Records
2017-11-09,1,global,,47,40,QZ45A1700064,Ric Flair Drip,Offset,1388006,40,2017-11-09,https://open.spotify.com/track/7sO5G9EABYOXQKNPNiE9NR,Epic
2017-11-09,1,global,,43,41,USRC11701270,Mayores,Becky G,1385436,35,2017-11-04,https://open.spotify.com/track/7JNh1cfm0eXjqFVOzKLyau,Kemosabe Records/RCA Records/Sony Music Latin
2017-11-09,1,global,,40,42,USUYG1156892,Jocelyn Flores,XXXTENTACION,1369315,15,2017-09-13,https://open.spotify.com/track/7m9OqQk4RVRkw9JJdeAw96,Bad Vibes Forever / EMPIRE
2017-11-09,1,global,,41,43,USUG11701396,Too Much To Ask,Niall Horan,1347113,29,2017-10-23,https://open.spotify.com/track/4v094LQ9eF10k2O2Te2ngK,Capitol Records (US1A)
2017-11-09,1,global,,42,44,GBWWP1702907,I Like Me Better,Lauv,1331274,24,2017-10-02,https://open.spotify.com/track/1wjzFQodRWrPcQ0AnYnvQ9,Lauv
2017-11-09,1,global,,45,45,USUM71703085,HUMBLE.,Kendrick Lamar,1322086,1,2017-04-14,https://open.spotify.com/track/7KXjTSCq5nL1LoYtL7XAwS,Top Dawg Entertainment/Aftermath Records/ Interscope Records
2017-11-09,1,global,,46,46,GBUM71701735,More Than You Know,Axwell /\ Ingrosso,1310434,14,2017-07-31,https://open.spotify.com/track/3PEgB3fkiojxms35ntsTgs,Digital Distribution Trinidad and Tobago
2017-11-09,1,global,,44,47,QZ45A1700062,Ghostface Killers,21 Savage,1299118,19,2017-11-01,https://open.spotify.com/track/5u6vkDnOyaf8LsteDAj2ub,Epic
2017-11-09,1,global,,54,48,USRC11701803,Plain Jane,A$AP Ferg,1262296,48,2017-11-09,https://open.spotify.com/track/4dVpf9jZjcORqGTLUaeYj9,RCA Records Label
2017-11-09,1,global,,49,49,USSD11700143,Perro Fiel,Shakira,1250440,48,2017-11-05,https://open.spotify.com/track/70lnL3QaSOIIyMa2X9aVRL,Sony Music Latin
2017-11-09,1,global,,48,50,GBARL1700772,Feels,Calvin Harris,1222374,5,2017-08-01,https://open.spotify.com/track/5bcTCxgc7xVfSaMV3RuVke,Columbia
2017-11-09,1,global,,50,51,USCJY1750000,Look What You Made Me Do,Taylor Swift,1193623,1,2017-08-25,https://open.spotify.com/track/6uFsE1JgZ20EXyU0JQZbUR,"Big Machine Records, LLC"
2017-11-09,1,global,,52,52,USWB11701181,Meant to Be (feat. Florida Georgia Line),Bebe Rexha,1180028,51,2017-10-30,https://open.spotify.com/track/7iDa6hUg2VgEL1o1HjmfBn,Warner Bros.
2017-11-09,1,global,,55,53,USUM71711842,Candy Paint,Post Malone,1143320,53,2017-11-09,https://open.spotify.com/track/42CeaId2XNlxugDvyqHfDf,Universal Music Group
2017-11-09,1,global,,53,54,GBAHS1701012,I Miss You (feat. Julia Michaels),Clean Bandit,1141893,52,2017-11-02,https://open.spotify.com/track/2xmrfQpmS2iJExTlklLoAL,Atlantic Records UK
2017-11-09,1,global,,56,55,USAT21703179,I Get The Bag (feat. Migos),Gucci Mane,1109688,42,2017-10-17,https://open.spotify.com/track/1XRgIKC5TPwo7nWGyKqgG0,Guwop Enterprises/Atlantic
2017-11-09,1,global,,57,56,GBUM71705147,Man's Not Hot,Big Shaq,1095336,56,2017-11-09,https://open.spotify.com/track/2nUJvBO87SkxCViQsLc9Zr,Digital Distribution Trinidad and Tobago
2017-11-09,1,global,,51,57,SE5R71700101,Without You (feat. Sandro Cavazza),Avicii,1086953,20,2017-08-16,https://open.spotify.com/track/6WbADFqMvR8N5u0BvtsWQE,Digital Distribution Trinidad and Tobago
2017-11-09,1,global,,58,58,USQX91700278,Something Just Like This,The Chainsmokers,1071239,2,2017-02-24,https://open.spotify.com/track/6RUKPb4LETWmmr3iAEQktW,Disruptor Records/Columbia
2017-11-09,1,global,,60,59,USUM71703862,Que Va,Alex Sensation,1069896,53,2017-11-04,https://open.spotify.com/track/7ofxPmTNMj2GP07g1VZa0O,Digital Distribution Trinidad and Tobago
2017-11-09,1,global,,61,60,USUM71700626,Believer,Imagine Dragons,1047352,15,2017-06-26,https://open.spotify.com/track/0CcQNd8CINkwQfe1RDtGV6,Digital Distribution Trinidad and Tobago
2017-11-09,1,global,,64,61,USLZJ1770735,Bonita,J Balvin,1047345,37,2017-08-12,https://open.spotify.com/track/693iqPOQvhI7PobtR8CC8v,Digital Distribution Trinidad and Tobago
2017-11-09,1,global,,63,62,USSD11700134,Felices los 4,Maluma,1040188,16,2017-05-06,https://open.spotify.com/track/0qYTZCo5Bwh1nsUFGZP3zn,Sony Music Latin
2017-11-09,1,global,,65,63,USUM71702220,Bad At Love,Halsey,1038000,57,2017-10-30,https://open.spotify.com/track/7y9iMe8SOB6z3NoHE2OfXl,Astralwerks (ASW)
2017-11-09,1,global,,67,64,USUM71708122,Báilame - Remix,Nacho,1032104,54,2017-10-07,https://open.spotify.com/track/3VClLWqNn80Llv0PJOsKgr,Digital Distribution Trinidad and Tobago
2017-11-09,1,global,,59,65,QZ8TY1700016,Good Old Days (feat. Kesha),Macklemore,1027385,51,2017-10-24,https://open.spotify.com/track/2Za1AlJNvksouPPWbXpR2X,Bendo LLC
2017-11-09,1,global,,62,66,USUM71702833,There's Nothing Holdin' Me Back,Shawn Mendes,1022990,5,2017-05-22,https://open.spotify.com/track/79cuOz3SPQTuFrp8WgftAu,Digital Distribution Trinidad and Tobago
2017-11-09,1,global,,66,67,USUM71703825,Despacito - Remix,Luis Fonsi,1019831,1,2017-04-21,https://open.spotify.com/track/5CtI0qwDJkDQGwXD1H1cLb,Digital Distribution Trinidad and Tobago
2017-11-09,1,global,,70,68,QZ7B81700004,Sensualidad,Bad Bunny,1011424,68,2017-11-09,https://open.spotify.com/track/5hcisvFMidkMJlElTO9Qmw,Hear This Music
2017-11-09,1,global,,68,69,USSM11704799,Butterfly Effect,Travis Scott,1009595,37,2017-08-10,https://open.spotify.com/track/1yxgsra98r3qAtxqiGZPiX,Epic/Grand Hustle
2017-11-09,1,global,,69,70,GBHMU1700053,Reggaetón Lento (Remix) [CNCO & Little Mix],CNCO,980747,53,2017-10-23,https://open.spotify.com/track/3zoYkqS4y2BsGVShPL2nTE,Syco Music
2017-11-09,1,global,,72,71,USRC11701902,Questions,Chris Brown,961577,53,2017-11-02,https://open.spotify.com/track/3ojTJaonfkL96iIWa47SU3,RCA Records Label
2017-11-09,1,global,,74,72,USSD11700076,Escápate Conmigo,Wisin,957136,36,2017-08-12,https://open.spotify.com/track/2cnKEkpVUSV4wnjQiTWfH6,Sony Music Latin
2017-11-09,1,global,,78,73,USUM71708007,Suena El Dembow,Joey Montana,951955,68,2017-11-04,https://open.spotify.com/track/5TysCiZtv1HnSWcTcUFusI,Digital Distribution Trinidad and Tobago
2017-11-09,1,global,,75,74,USSM11607555,goosebumps,Travis Scott,947384,56,2017-07-02,https://open.spotify.com/track/6gBFPUFcJLzWGx4lenP6h2,Epic/Grand Hustle
2017-11-09,1,global,,77,75,TCACO1662934,Location,Khalid,939042,33,2017-04-24,https://open.spotify.com/track/152lZdxL1OR0ZMW6KquMif,"Right Hand Music Group, LLC/RCA Records"
2017-11-09,1,global,,83,76,USSM11705088,Wild Thoughts,DJ Khaled,928198,2,2017-06-26,https://open.spotify.com/track/1OAh8uOEOvTDqkKFsKksCi,Epic/We The Best
2017-11-09,1,global,,73,77,USUM71710370,Wait,Maroon 5,925782,51,2017-11-03,https://open.spotify.com/track/4lUnFLtn8w3W76FiYDRzmO,222 Records/Interscope Records
2017-11-09,1,global,,76,78,NZUM71700468,"Homemade Dynamite (Feat. Khalid, Post Malone & SZA) - REMIX",Lorde,923691,52,2017-10-12,https://open.spotify.com/track/69Naniu2KjKjaQOBUagE8U,Universal Music
2017-11-09,1,global,,81,79,GBAHS1701111,Anywhere,Rita Ora,906361,79,2017-11-09,https://open.spotify.com/track/7EI6Iki24tBHAMxtb4xQN2,Atlantic Records UK
2017-11-09,1,global,,79,80,USUG11701418,A Different Way (with Lauv),DJ Snake,905270,56,2017-10-31,https://open.spotify.com/track/0Wv5wuenRLI3BcwgT3HPIP,Digital Distribution Trinidad and Tobago
2017-11-09,1,global,,88,81,USSD11700301,Robarte un Beso,Carlos Vives,896394,61,2017-09-02,https://open.spotify.com/track/4z3GJkrtH97Bj6fRta983T,Sony Music Latin
2017-11-09,1,global,,89,82,US2BU1700915,Vuelve,Daddy Yankee,896133,81,2017-10-28,https://open.spotify.com/track/0lJCqIx5BhZtf6QtYI2fbv,Digital Distribution Trinidad and Tobago
2017-11-09,1,global,,84,83,GBUM71701628,Strip That Down,Liam Payne,889543,8,2017-06-13,https://open.spotify.com/track/6EpRaXYhGOB3fj4V2uDkMJ,Capitol
2017-11-09,1,global,,82,84,DEE861600586,Say You Won't Let Go,James Arthur,888340,7,2017-01-02,https://open.spotify.com/track/5uCax9HTNlzGybIStD3vDh,Columbia
2017-11-09,1,global,,86,85,GBUM71701777,Mama,Jonas Blue,887895,11,2017-07-03,https://open.spotify.com/track/0NiXXAI876aGImAd6rTj8w,Positiva
2017-11-09,1,global,,85,86,USUM71603455,Go Flex,Post Malone,887292,51,2017-10-19,https://open.spotify.com/track/5yuShbu70mtHXY0yLzCQLQ,Universal Records
2017-11-09,1,global,,71,87,GBUM71703746,Burning,Sam Smith,872162,51,2017-11-06,https://open.spotify.com/track/2mb6YdoavL6db22p7XKJQZ,Digital Distribution Trinidad and Tobago
2017-11-09,1,global,,90,88,GBHMU1700037,Back to You (feat. Bebe Rexha & Digital Farm Animals),Louis Tomlinson,858613,14,2017-08-24,https://open.spotify.com/track/7F9vK8hNFMml4GtHsaXui6,Syco Music
2017-11-09,1,global,,91,89,GBUM71703786,Bedroom Floor,Liam Payne,855980,55,2017-10-20,https://open.spotify.com/track/1pZdegOXTZ2ftINo3oUuRZ,Digital Distribution Trinidad and Tobago
2017-11-09,1,global,,80,90,GBUM71703749,One Last Song,Sam Smith,850830,55,2017-11-03,https://open.spotify.com/track/01uk7IzZyFNfQTDBXxx6NB,Digital Distribution Trinidad and Tobago
2017-11-09,1,global,,93,91,USUG11700631,Slow Hands,Niall Horan,839903,28,2017-07-25,https://open.spotify.com/track/38yBBH2jacvDxrznF7h08J,Digital Distribution Trinidad and Tobago
2017-11-09,1,global,,109,92,USUM71607007,Despacito (Featuring Daddy Yankee),Luis Fonsi,827220,1,2017-05-27,https://open.spotify.com/track/4aWmUDTfIPGksMNLV2rQP2,Digital Distribution Trinidad and Tobago
2017-11-09,1,global,,97,93,USAT21703137,Roll In Peace (feat. XXXTENTACION),Kodak Black,826048,76,2017-10-04,https://open.spotify.com/track/40oKW22ZNNkEdZLJTScaQI,Atlantic Records
2017-11-09,1,global,,96,94,USSM11703300,I'm the One,DJ Khaled,822250,2,2017-05-01,https://open.spotify.com/track/3DXncPQOG4VBw3QHh3S817,Epic/We The Best
2017-11-09,1,global,,94,95,NOG841715010,All Falls Down,Alan Walker,822224,94,2017-11-02,https://open.spotify.com/track/5yFSF6qQA1rcLsQRnBsZgb,MER Musikk
2017-11-09,1,global,,98,96,USUYG1156898,Fuck Love (feat. Trippie Redd),XXXTENTACION,816431,37,2017-08-29,https://open.spotify.com/track/7AQim7LbvFVZJE3O8TYgf2,Bad Vibes Forever / EMPIRE
2017-11-09,1,global,,87,97,USCJY1750015,Call It What You Want,Taylor Swift,814484,37,2017-11-03,https://open.spotify.com/track/0tDfp0vFR95Gg6Mrhza3lX,"Big Machine Records, LLC"
2017-11-09,1,global,,100,98,USSD11700117,Una Lady Como Tú,Manuel Turizo,802657,38,2017-08-12,https://open.spotify.com/track/7MHN1aCFtLXjownGhvEQlF,Sony Music Latin/La Industria LLC
2017-11-09,1,global,,92,99,USAT21703429,The Way Life Goes (feat. Oh Wonder),Lil Uzi Vert,792282,39,2017-08-25,https://open.spotify.com/track/2eAZfqOm4EnOF9VvN50Tyc,Generation Now/Atlantic
2017-11-09,1,global,,99,100,USSM11708242,Lemon,N.E.R.D,791712,54,2017-11-03,https://open.spotify.com/track/6tUgfsOa8PLkoede5nOR7D,Columbia
2017-11-09,1,global,,101,101,USCJY1750003,...Ready For It?,Taylor Swift,785278,3,2017-09-04,https://open.spotify.com/track/19WjVVgXjdKXfLXoaDPwTM,"Big Machine Records, LLC"
2017-11-09,1,global,,103,102,USWB11700237,Swalla (feat. Nicki Minaj & Ty Dolla $ign),Jason Derulo,774399,5,2017-05-26,https://open.spotify.com/track/6kex4EBAj0WHXDKZMEJaaF,Beluga Heights/Warner Bros.
2017-11-09,1,global,,106,103,QMCE31600876,Slippery (feat. Gucci Mane),Migos,772860,67,2017-07-30,https://open.spotify.com/track/6p8NuHm8uCGnn2Dtbtf7zE,Quality Control Music
2017-11-09,1,global,,95,104,GBUM71703744,Say It First,Sam Smith,767392,71,2017-11-03,https://open.spotify.com/track/4K1vOdIFqskQv3zoI0FdAk,Digital Distribution Trinidad and Tobago
2017-11-09,1,global,,135,105,GB28K1700061,Dirty Sexy Money (feat. Charli XCX & French Montana),David Guetta,765198,81,2017-11-03,https://open.spotify.com/track/0tPQPaOKM32WgMSbPCYyRH,Parlophone France
2017-11-09,1,global,,107,106,USUM71606219,Ahora Dice,Chris Jeday,764947,44,2017-07-15,https://open.spotify.com/track/22eADXu8DfOAUEDw4vU8qy,Digital Distribution Trinidad and Tobago
2017-11-09,1,global,,102,107,QMCE31701396,Feels Great (feat. Fetty Wap & CVBZ),Cheat Codes,762233,93,2017-10-19,https://open.spotify.com/track/5uu28fUesZMl89lf9CLrgN,300 Entertainment
2017-11-09,1,global,,104,108,GBAHS1700199,Symphony (feat. Zara Larsson),Clean Bandit,755018,9,2017-04-11,https://open.spotify.com/track/1x5sYLZiu9r5E43kMlt9f8,Atlantic Records UK
2017-11-09,1,global,,105,109,USWB11701514,If I'm Lucky,Jason Derulo,752560,69,2017-09-01,https://open.spotify.com/track/6eUncuJutsFi9BGO1JaBHh,Beluga Heights/Warner Bros.
2017-11-09,1,global,,110,110,GB28K1700019,2U (feat. Justin Bieber),David Guetta,733117,3,2017-06-11,https://open.spotify.com/track/3A7qX2QjDlPnazUsRk5y0M,Parlophone France
2017-11-09,1,global,,112,111,USSM11701444,Mask Off,Future,731485,5,2017-04-09,https://open.spotify.com/track/0VgkVdmE4gld66l8iyGjgx,Epic/Freebandz/A1
2017-11-09,1,global,,111,112,SEBGA1700015,It Ain't Me (with Selena Gomez),Kygo,730203,2,2017-02-21,https://open.spotify.com/track/3eR23VReFzcdmS7TYCrhCe,Kygo
2017-11-09,1,global,,108,113,USCJY1750009,Gorgeous,Taylor Swift,727194,7,2017-10-20,https://open.spotify.com/track/5Gd19NupVe5X8bAqxf9Iaz,"Big Machine Records, LLC"
2017-11-09,1,global,,116,114,USXDR1700551,Tú Foto,Ozuna,726758,65,2017-09-02,https://open.spotify.com/track/5zSOVwaY3sVjnmLhuEfsuf,VP Records Corp/Dimelo Vi
2017-11-09,1,global,,113,115,USUM71511528,White Iverson,Post Malone,721760,95,2017-10-19,https://open.spotify.com/track/6eT7xZZlB2mwyzJ2sUKG6w,Universal Records
2017-11-09,1,global,,124,116,MXF151700465,3 A.M.,Jesse & Joy,721528,110,2017-10-24,https://open.spotify.com/track/0yyZN5ASdrYu0XYWFzfxUu,WM Mexico
2017-11-09,1,global,,120,117,GBAHS1700026,Galway Girl,Ed Sheeran,715008,2,2017-03-06,https://open.spotify.com/track/0afhq8XCExXpqazXczTSve,Atlantic Records UK
2017-11-09,1,global,,119,118,USSD11700390,Explícale,Yandel,712166,92,2017-10-07,https://open.spotify.com/track/1LszjjoVwDDZcWUQbzeDLG,Sony Music Latin
2017-11-09,1,global,,122,119,USSD11700459,Corazón,Maluma,711744,119,2017-11-09,https://open.spotify.com/track/4lESS6vuruP6a79KWRaQou,Sony Music Latin
2017-11-09,1,global,,114,120,GBAHT1700323,Your Song,Rita Ora,706259,28,2017-07-26,https://open.spotify.com/track/4c2W3VKsOFoIg2SFaO6DY5,Atlantic Records UK
2017-11-09,1,global,,121,121,USAT21602948,That's What I Like,Bruno Mars,704741,5,2017-03-31,https://open.spotify.com/track/0KKkJNfGyhkQ5aFogxQAPU,Atlantic Records
2017-11-09,1,global,,117,122,USQ4E1602586,"I Don’t Wanna Live Forever (Fifty Shades Darker) - From ""Fifty Shades Darker (Original Motion Picture Soundtrack)""",ZAYN,703983,2,2017-02-10,https://open.spotify.com/track/3NdDpSvN911VPGivFlV5d0,Digital Distribution Trinidad and Tobago
2017-11-09,1,global,,126,123,DEA621702378,Was Du Liebe nennst,Bausa,692215,87,2017-10-30,https://open.spotify.com/track/4hKWUzhQWsOkgT6LnDEASe,WM Germany
2017-11-09,1,global,,123,124,USQX91601347,Closer,The Chainsmokers,688793,2,2017-01-01,https://open.spotify.com/track/7BKLCZ1jbUBVqRi2FVlTVw,Disruptor Records/Columbia
2017-11-09,1,global,,130,125,USSD11700379,Como Antes,Yandel,685749,125,2017-11-09,https://open.spotify.com/track/5YzA563GXTuwQaRq24z1k5,Sony Music Latin
2017-11-09,1,global,,129,126,NLM5S1600060,There for You,Martin Garrix,682183,17,2017-06-20,https://open.spotify.com/track/6jA8HL9i4QGzsj6fjoxp8Y,Epic Amsterdam
2017-11-09,1,global,,131,127,USYAH1600107,Redbone,Childish Gambino,678974,34,2017-06-12,https://open.spotify.com/track/3kxfsdsCpFgN412fpnW85Y,Glassnote Entertainment Group LLC
2017-11-09,1,global,,133,128,USAT21701817,Drowning (feat. Kodak Black),A Boogie Wit da Hoodie,678154,83,2017-10-05,https://open.spotify.com/track/1f5cbQtDrykjarZVrShaDI,Highbridge The Label
2017-11-09,1,global,,134,129,GBAHS1400094,Photograph,Ed Sheeran,677264,40,2017-01-08,https://open.spotify.com/track/6fxVffaTuwjgEk5h9QyRjy,Atlantic Records UK
2017-11-09,1,global,,128,130,QMCE31700953,No Promises (feat. Demi Lovato),Cheat Codes,672394,24,2017-05-22,https://open.spotify.com/track/1louJpMmzEicAn7lzDalPW,Parlophone UK
2017-11-09,1,global,,127,131,USUG11701759,New,Daya,671943,111,2017-10-30,https://open.spotify.com/track/7y4JznkAv2W3IKw9T1o2VK,Interscope Records
2017-11-09,1,global,,132,132,USUM71700736,Stay (with Alessia Cara),Zedd,656285,5,2017-03-29,https://open.spotify.com/track/0dA2Mk56wEzDgegdC6R17g,Digital Distribution Trinidad and Tobago
2017-11-09,1,global,,137,133,GBAHS1400099,Thinking Out Loud,Ed Sheeran,655635,43,2017-02-14,https://open.spotify.com/track/1Slwb6dOYkBlWal1PGtnNg,Atlantic Records UK
2017-11-09,1,global,,140,134,USSD11700316,Bella y Sensual,Romeo Santos,653361,95,2017-09-02,https://open.spotify.com/track/0ERbK7qVqveCaBWIiYCrl3,Sony Music Latin
2017-11-09,1,global,,148,135,USUM71709898,SUTRA,Sebastian Yatra,650640,135,2017-11-09,https://open.spotify.com/track/5TmZYdHW6HJ9gt7Aokuql5,Digital Distribution Trinidad and Tobago
2017-11-09,1,global,,138,136,USSM11705366,Rake It Up,Yo Gotti,649209,74,2017-09-23,https://open.spotify.com/track/4knL4iPxPOZjQzTUlELGSY,Epic/CMG
2017-11-09,1,global,,118,137,GBUM71703747,No Peace,Sam Smith,646928,96,2017-11-06,https://open.spotify.com/track/5ZX1X9Rl4zbx1Wwyn3idVD,Digital Distribution Trinidad and Tobago
2017-11-09,1,global,,142,138,USXDR1700562,El Farsante,Ozuna,646475,95,2017-09-24,https://open.spotify.com/track/5EId1m4DNwTf3at31w8bPJ,VP Records Corp/Dimelo Vi
2017-11-09,1,global,,143,139,USSD11700118,Hey DJ,CNCO,646403,48,2017-07-15,https://open.spotify.com/track/209gZgcfLq2aUuu51vOWBl,Sony Music Latin
2017-11-09,1,global,,146,140,USUG11600976,Starboy,The Weeknd,636422,1,2017-01-01,https://open.spotify.com/track/5aAx2yezTd8zXrkmtKl66Z,Universal Republic Records
2017-11-09,1,global,,125,141,GBUM71703745,Midnight Train,Sam Smith,627656,94,2017-11-06,https://open.spotify.com/track/1A85fOmviQuGgkF6Lww6Nd,Digital Distribution Trinidad and Tobago
2017-11-09,1,global,,147,142,USCM51600028,One Dance,Drake,626688,5,2017-01-01,https://open.spotify.com/track/1xznGGDReH1oQq0xzbwXa3,Digital Distribution Trinidad and Tobago
2017-11-09,1,global,,144,143,USUM71703079,DNA.,Kendrick Lamar,614479,3,2017-04-14,https://open.spotify.com/track/6HZILIRieu8S0iqY8kIKhj,Top Dawg Entertainment/Aftermath Records/ Interscope Records
2017-11-09,1,global,,149,144,USUM71703515,Whatever It Takes,Imagine Dragons,610661,46,2017-06-24,https://open.spotify.com/track/4IWAyPf1KMq7JCyGeCjTeH,Digital Distribution Trinidad and Tobago
2017-11-09,1,global,,150,145,USUYG1156894,Everybody Dies In Their Nightmares,XXXTENTACION,606480,51,2017-08-28,https://open.spotify.com/track/3GVkPk8mqxz0itaAriG1L7,Bad Vibes Forever / EMPIRE
2017-11-09,1,global,,155,146,USUM71703088,LOVE. FEAT. ZACARI.,Kendrick Lamar,601466,15,2017-04-17,https://open.spotify.com/track/6PGoSes0D9eUDeeAafB2As,Top Dawg Entertainment/Aftermath Records/ Interscope Records
2017-11-09,1,global,,151,147,GBUM71308833,Stay With Me,Sam Smith,599908,69,2017-02-14,https://open.spotify.com/track/5Db9VIdDsN5yu3Eu7CT0i4,Capitol Records
2017-11-09,1,global,,152,148,USUM71615691,Issues,Julia Michaels,599423,9,2017-02-27,https://open.spotify.com/track/6D0b04NJIKfEMg040WioJQ,J/Republic
2017-11-09,1,global,,145,149,QMCE31701175,Pretty Girl - Cheat Codes X CADE Remix,Maggie Lindemann,599130,21,2017-06-22,https://open.spotify.com/track/1NDxZ7cFAo481dtYWdrUnR,300 Entertainment
2017-11-09,1,global,,153,150,USSM11708983,Betrayed,Lil Xan,596796,149,2017-11-07,https://open.spotify.com/track/6NWl2m8asvH83xjuXVNsuG,Columbia
2017-11-09,1,global,,139,151,GBUM71703755,Nothing Left For You,Sam Smith,587796,91,2017-11-03,https://open.spotify.com/track/4S2WtfT03YDIlXEwSX4Tjd,Safehouse Records / Island Records
2017-11-09,1,global,,136,152,GBUM71703748,"Baby, You Make Me Crazy",Sam Smith,585709,102,2017-11-03,https://open.spotify.com/track/1p1SbqeipOd4ezKUpxqaz6,Digital Distribution Trinidad and Tobago
2017-11-09,1,global,,157,153,NLM5S1600025,Scared to Be Lonely,Martin Garrix,584814,5,2017-02-14,https://open.spotify.com/track/3ebXMykcMXOcLeJ9xZ17XH,Epic Amsterdam
2017-11-09,1,global,,141,154,GBUM71703751,HIM,Sam Smith,584269,101,2017-11-06,https://open.spotify.com/track/3AFPGvRzeKeNJbIbLwcz4G,Digital Distribution Trinidad and Tobago
2017-11-09,1,global,,160,155,ES5021701658,Loco Enamorado,Abraham Mateo,582709,120,2017-10-14,https://open.spotify.com/track/4N1c5rmWOzRmB9SMacr5wB,Sony Music Entertainment
2017-11-09,1,global,,159,156,USUYG1131080,Look At Me!,XXXTENTACION,582462,86,2017-05-14,https://open.spotify.com/track/7floNISpH8VF4z4459Qo18,Bad Vibes Forever / EMPIRE
2017-11-09,1,global,,156,157,USUM71703352,Fetish (feat. Gucci Mane),Selena Gomez,572633,9,2017-07-14,https://open.spotify.com/track/0XLOf9LhyazPX9Ld8jPiUq,Digital Distribution Trinidad and Tobago
2017-11-09,1,global,,161,158,USCM51700072,Passionfruit,Drake,570395,2,2017-03-19,https://open.spotify.com/track/7hDc8b7IXETo14hHIHdnhd,Universal Music Group
2017-11-09,1,global,,115,159,SEBGA1700442,Kids in Love,Kygo,569608,44,2017-10-20,https://open.spotify.com/track/1Bxzw8ag71snOU9IbhXVD6,Kygo
2017-11-09,1,global,,162,160,USSM11703595,Sign of the Times,Harry Styles,567870,13,2017-04-11,https://open.spotify.com/track/5Ohxk2dO5COHF1krpoPigN,Columbia
2017-11-09,1,global,,154,161,QZ45A1700063,Rap Saved Me,21 Savage,565896,51,2017-11-01,https://open.spotify.com/track/0tdCy39PgWN8LFWu34ORn3,Epic
2017-11-09,1,global,,163,162,USUG11600996,I Feel It Coming,The Weeknd,564564,7,2017-01-13,https://open.spotify.com/track/5GXAXm5YOmYT0kL5jHvYBt,Universal Republic Records
2017-11-09,1,global,add,-1,163,SEBGA1700446,Stranger Things,Kygo,562547,148,2017-11-03,https://open.spotify.com/track/5gIRPQWULwrvIt0F6pY7ph,Kygo
2017-11-09,1,global,,167,164,USAT21703427,Sauce It Up,Lil Uzi Vert,560926,53,2017-08-25,https://open.spotify.com/track/1uL78kFWxhz3umTMWJu8n5,Generation Now/Atlantic
2017-11-09,1,global,,158,165,GBUM71308836,I'm Not The Only One,Sam Smith,560771,155,2017-11-07,https://open.spotify.com/track/0fioLzGM8ngbD1w6fMmm45,Capitol Records
2017-11-09,1,global,,164,166,USSD11600423,Si Tú La Ves,Nicky Jam,559482,110,2017-08-05,https://open.spotify.com/track/4yN6xPLopmTLvc27pO9LIE,Sony Music Latin
2017-11-09,1,global,,172,167,TCADD1793884,The Race,Tay-K,549858,111,2017-09-20,https://open.spotify.com/track/5RCfvwDewu6p2x1mEI6smX,Tay-K
2017-11-09,1,global,,166,168,GBAHS1700028,Happier,Ed Sheeran,549220,7,2017-03-06,https://open.spotify.com/track/2RttW7RAu5nOAfq6YFvApB,Atlantic Records UK
2017-11-09,1,global,,184,169,GBAYE0200772,The Scientist,Coldplay,545444,145,2017-10-05,https://open.spotify.com/track/75JFxkI2RXiU7L9VXzMkle,Parlophone Records Limited
2017-11-09,1,global,,171,170,USUM71703095,Magnolia,Playboi Carti,544790,54,2017-06-15,https://open.spotify.com/track/1e1JKLEDKP7hEQzJfNAgPl,AWGE/Interscope
2017-11-09,1,global,,168,171,DEA621701135,OK,Robin Schulz,543110,55,2017-06-20,https://open.spotify.com/track/3bWAqKDWg6u1davspr5IkS,Atlantic Records UK
2017-11-09,1,global,,169,172,GBAHS1600363,Rockabye (feat. Sean Paul & Anne-Marie),Clean Bandit,540838,3,2017-01-02,https://open.spotify.com/track/5knuzwU65gJK7IF5yJsuaW,Atlantic Records UK
2017-11-09,1,global,,177,173,MXF151700546,Déjala Que Vuelva (feat. Manuel Turizo),Piso 21,539921,173,2017-11-09,https://open.spotify.com/track/33bnxcjePIkcmNjEFTJX0l,WM Mexico
2017-11-09,1,global,,190,174,USIR10211559,Lose Yourself - Soundtrack Version,Eminem,537905,125,2017-10-11,https://open.spotify.com/track/7w9bgPAmPTtrkt2v16QWvQ,Interscope
2017-11-09,1,global,,174,175,USAT21703144,Transportin',Kodak Black,537148,107,2017-10-05,https://open.spotify.com/track/1WIZiOuNO3woKfdlSK2gNn,Atlantic Records
2017-11-09,1,global,,196,176,GBQCP1400109,Wonderwall - Remastered,Oasis,536457,135,2017-10-05,https://open.spotify.com/track/5qqabIl2vWzo9ApSC317sa,Big Brother
2017-11-09,1,global,,165,177,USRC11701134,Praying,Kesha,536276,37,2017-08-14,https://open.spotify.com/track/0jdny0dhgjUwoIp5GkqEaA,Kemosabe Records/RCA Records
2017-11-09,1,global,,170,178,USAT21502909,We Don't Talk Anymore (feat. Selena Gomez),Charlie Puth,534371,39,2017-01-02,https://open.spotify.com/track/68EMU2RD1ECNeOeJ5qAXCV,Artist Partner
2017-11-09,1,global,,182,179,USDXS1600316,"Sola (Remix) [feat. Daddy Yankee, Wisin, Farruko, Zion & Lennox]",Anuel Aa,534155,86,2017-04-11,https://open.spotify.com/track/5q2JbCNi4FcnglgPfxcV65,"Spiff TV, LLC / Real Hasta La Muerte, Inc."
2017-11-09,1,global,add,-1,180,USAT21704701,The Way Life Goes (feat. Nicki Minaj & Oh Wonder) - Remix,Lil Uzi Vert,531744,180,2017-11-09,https://open.spotify.com/track/6GNifiuBPrKFpwNBYnooFm,Generation Now/Atlantic
2017-11-09,1,global,,178,181,USSD11700349,Krippy Kush,Farruko,530353,66,2017-09-03,https://open.spotify.com/track/7FfpP3YZ6fOWMdxkIAtud9,Sony Music Latin
2017-11-09,1,global,,175,182,USUM71705541,Rich Love (with Seeb),OneRepublic,526180,47,2017-08-28,https://open.spotify.com/track/7aF09WaavZAmAWuUeYxlYD,Digital Distribution Trinidad and Tobago
2017-11-09,1,global,,183,183,USUM71700575,Body Like A Back Road,Sam Hunt,524693,55,2017-07-04,https://open.spotify.com/track/7mldq42yDuxiUNn08nvzHO,MCA Nashville
2017-11-09,1,global,,179,184,USRC11700886,Love Galore,SZA,524001,69,2017-09-06,https://open.spotify.com/track/0q75NwOoFiARAVp4EXU4Bs,Top Dawg Entertainment/RCA Records
2017-11-09,1,global,,199,185,USIR10211066,'Till I Collapse,Eminem,521482,134,2017-10-11,https://open.spotify.com/track/6yr8GiTHWvFfi4o6Q5ebdT,Digital Distribution Trinidad and Tobago
2017-11-09,1,global,,189,186,QMCE31600796,Bad and Boujee (feat. Lil Uzi Vert),Migos,517136,8,2017-01-27,https://open.spotify.com/track/4Km5HrUvYTaSUfiSGPJeQR,Quality Control Music
2017-11-09,1,global,,176,187,USUM71703935,Most Girls,Hailee Steinfeld,515736,48,2017-05-18,https://open.spotify.com/track/2mfUa8bLs2s5N4VaqJZ4lZ,Universal Music Group
2017-11-09,1,global,,181,188,USRC11701962,Pills & Automobiles,Chris Brown,515379,146,2017-11-02,https://open.spotify.com/track/5gx2E5aIXMRBellPZW1up5,RCA Records Label
2017-11-09,1,global,,191,189,GBAHS1600462,Castle on the Hill,Ed Sheeran,511944,2,2017-01-06,https://open.spotify.com/track/6PCUP3dWmTjcTtXY02oFdT,Atlantic Records UK
2017-11-09,1,global,,198,190,USIR20400274,Mr. Brightside,The Killers,509126,132,2017-10-23,https://open.spotify.com/track/7oK9VyNzrYvRFo7nQEYkWN,Universal/Island Def Jam
2017-11-09,1,global,,193,191,USAT21701747,Relationship (feat. Future),Young Thug,507565,137,2017-10-19,https://open.spotify.com/track/25oOaleife6E2MIKmFkPvg,Atlantic Records
2017-11-09,1,global,,186,192,USRC11700814,Malibu,Miley Cyrus,504966,5,2017-05-18,https://open.spotify.com/track/1UZOjK1BwmwWU14Erba9CZ,RCA Records Label
2017-11-09,1,global,add,-1,193,USWL11700161,La Formula (feat. Chris Jeday),De La Ghetto,504182,180,2017-11-04,https://open.spotify.com/track/4XCQtUoRSh22Ep18ULmDnT,WEA Latina
2017-11-09,1,global,add,-1,194,USWL11700229,Is That For Me,Alesso,503834,80,2017-10-13,https://open.spotify.com/track/2KwojFDebQV4J2b0JMRR5Q,WEA Latina
2017-11-09,1,global,,195,195,USUM71701465,It's A Vibe,2 Chainz,502128,101,2017-08-31,https://open.spotify.com/track/6H0AwSQ20mo62jGlPGB8S6,Def Jam Recordings
2017-11-09,1,global,add,-1,196,USUM71708973,New Freezer (feat. Kendrick Lamar),Rich The Kid,498045,161,2017-10-18,https://open.spotify.com/track/4pYZLpX23Vx8rwDpJCpPTA,Interscope Records
2017-11-09,1,global,,194,197,USUM71516761,Love Yourself,Justin Bieber,497599,52,2017-01-01,https://open.spotify.com/track/3hB5DgAiMAQ4DzYbsMq1IT,Digital Distribution Trinidad and Tobago
2017-11-09,1,global,add,-1,198,USAT21700378,iSpy (feat. Lil Yachty),KYLE,493119,18,2017-04-13,https://open.spotify.com/track/2EEeOnHehOozLq4aS0n6SL,Indie-Pop
2017-11-09,1,global,,197,199,USQX91603031,Paris,The Chainsmokers,491839,2,2017-01-17,https://open.spotify.com/track/72jbDTw1piOOj770jWNeaG,Disruptor Records/Columbia
2017-11-09,1,global,add,-1,200,QMZSY1600015,Let Me Love You,DJ Snake,488005,3,2017-01-01,https://open.spotify.com/track/4pdPtRcBmOSQDlJ3Fk945m,Digital Distribution Trinidad and Tobago
2017-11-09,1,us,drop,169,-1,GBAHS1701111,Anywhere,Rita Ora,207311,119,2017-10-20,https://open.spotify.com/track/7EI6Iki24tBHAMxtb4xQN2,Atlantic Records UK
2017-11-09,1,us,drop,192,-1,GBUM71308833,Stay With Me,Sam Smith,192359,59,2017-02-14,https://open.spotify.com/track/5Db9VIdDsN5yu3Eu7CT0i4,Capitol Records
2017-11-09,1,us,drop,193,-1,GBUM71703754,One Day At A Time,Sam Smith,192177,132,2017-11-06,https://open.spotify.com/track/6AUuRg513AfT50d52O60fS,Digital Distribution Trinidad and Tobago
2017-11-09,1,us,drop,189,-1,GBWWP1703155,Easy Love,Lauv,195360,94,2017-10-06,https://open.spotify.com/track/2ZE3DJuizYTad2S4CvRRhK,Lauv
2017-11-09,1,us,drop,196,-1,QM33K1700076,Again,Noah Cyrus,190823,89,2017-10-17,https://open.spotify.com/track/2S2od3hT7ceytw7d1pTRuE,"Records, LLC"
2017-11-09,1,us,drop,197,-1,QMEU31714047,Bust Down,Trippie Redd,190769,119,2017-10-06,https://open.spotify.com/track/3vWxQ6wOfMr8zH1u7pVFI6,Strainge Entertainment
2017-11-09,1,us,drop,172,-1,SEBGA1700442,Kids in Love,Kygo,206716,34,2017-10-20,https://open.spotify.com/track/1Bxzw8ag71snOU9IbhXVD6,Kygo
2017-11-09,1,us,drop,199,-1,USXDR1700552,Se Preparó,Ozuna,190574,168,2017-10-28,https://open.spotify.com/track/1m69ELEgE6k5ZWsap40ozt,VP Records Corp/Dimelo Vi
2017-11-09,1,us,,1,1,USUM71710087,rockstar,Post Malone,2147153,1,2017-09-16,https://open.spotify.com/track/7wGoVu4Dady5GV0Sv4UIsx,Universal Music Group
2017-11-09,1,us,,2,2,USWB11701486,Gucci Gang,Lil Pump,1370881,2,2017-10-27,https://open.spotify.com/track/43ZyHQITOjhciSUUNPVRHc,Warner Bros.
2017-11-09,1,us,,3,3,GBUM71704089,Too Good At Goodbyes,Sam Smith,1166338,2,2017-09-08,https://open.spotify.com/track/1mXVgsBdtIVeCLJnSnmtdV,Capitol
2017-11-09,1,us,,5,4,USSM11706905,Havana,Camila Cabello,1137992,3,2017-10-28,https://open.spotify.com/track/0ofbQMrRDsUaVKq2mGLEAb,Syco Music/Epic
2017-11-09,1,us,,4,5,USUM71614475,I Fall Apart,Post Malone,1127608,2,2017-10-09,https://open.spotify.com/track/75ZvA4QfFiZvzhj2xkaWAh,Universal Records
2017-11-09,1,us,,6,6,USUM71702778,1-800-273-8255,Logic,940080,1,2017-09-06,https://open.spotify.com/track/5tz69p7tJuGPeMGwNTxYuV,Def Jam Recordings
2017-11-09,1,us,,7,7,USSM11705546,Bank Account,21 Savage,933629,1,2017-08-05,https://open.spotify.com/track/2fQrGHiQOvpL9UgPvtYy6G,"Slaughter Gang, LLC/Epic Records"
2017-11-09,1,us,,9,8,QZ45A1700064,Ric Flair Drip,Offset,914204,8,2017-11-03,https://open.spotify.com/track/7sO5G9EABYOXQKNPNiE9NR,Epic
2017-11-09,1,us,,10,9,USRC11702117,No Limit,G-Eazy,872365,9,2017-11-07,https://open.spotify.com/track/2Xqd0wUttjueBfdcltADOv,BPG/RVG/RCA Records
2017-11-09,1,us,,8,10,USUM71709292,What Lovers Do (feat. SZA),Maroon 5,865015,7,2017-11-07,https://open.spotify.com/track/3hBBKuWJfxlIlnd9QFoC8k,222 Records/Interscope Records
2017-11-09,1,us,,11,11,USUM71712002,MotorSport,Migos,837440,8,2017-10-30,https://open.spotify.com/track/1YZfcVLbbJwfizR5cDOp3q,"Quality Control Music, LLC"
2017-11-09,1,us,,16,12,USRC11701803,Plain Jane,A$AP Ferg,827727,12,2017-11-09,https://open.spotify.com/track/4dVpf9jZjcORqGTLUaeYj9,RCA Records Label
2017-11-09,1,us,,13,13,USAT21703440,XO TOUR Llif3,Lil Uzi Vert,803577,2,2017-08-25,https://open.spotify.com/track/7GX5flRQZVHRAGd6B4TmDO,Generation Now/Atlantic
2017-11-09,1,us,,12,14,USRC11700144,Young Dumb & Broke,Khalid,796791,5,2017-09-25,https://open.spotify.com/track/5Z3GHaZ6ec9bsiI5BenrbY,"Right Hand Music Group, LLC/RCA Records"
2017-11-09,1,us,,14,15,USUM71712103,Wolves,Selena Gomez,765325,3,2017-10-27,https://open.spotify.com/track/7EmGUiUaOSGDnUUQUDrOXC,Interscope Records
2017-11-09,1,us,,15,16,USUM71708226,Let You Down,NF,754253,12,2017-10-26,https://open.spotify.com/track/6mrKP2jyIQmM0rw6fQryjr,Capitol CMG Label Group
2017-11-09,1,us,,17,17,USAT21701762,Bodak Yellow,Cardi B,752911,2,2017-09-10,https://open.spotify.com/track/2771LMNxwf62FTAdpJMQfM,KSR/Atlantic
2017-11-09,1,us,,19,18,USAT21703179,I Get The Bag (feat. Migos),Gucci Mane,746803,7,2017-10-14,https://open.spotify.com/track/1XRgIKC5TPwo7nWGyKqgG0,Guwop Enterprises/Atlantic
2017-11-09,1,us,,18,19,QZ45A1700062,Ghostface Killers,21 Savage,726914,2,2017-11-01,https://open.spotify.com/track/5u6vkDnOyaf8LsteDAj2ub,Epic
2017-11-09,1,us,,22,20,USUM71614484,Congratulations,Post Malone,703248,5,2017-06-01,https://open.spotify.com/track/3a1lNhkSLSkpJE4MSHpDu9,Universal Records
2017-11-09,1,us,,20,21,GBAHT1600310,New Rules,Dua Lipa,700846,15,2017-10-31,https://open.spotify.com/track/2ekn2ttSfGqwhhate0LSR0,Warner Bros.
2017-11-09,1,us,,21,22,GBAHS1700024,Perfect,Ed Sheeran,697563,11,2017-03-06,https://open.spotify.com/track/0tgVpDi06FyKpA1z0VMD4v,Atlantic Records UK
2017-11-09,1,us,,23,23,USUM71711842,Candy Paint,Post Malone,692932,23,2017-11-08,https://open.spotify.com/track/42CeaId2XNlxugDvyqHfDf,Universal Music Group
2017-11-09,1,us,,24,24,USUM71707196,Sorry Not Sorry,Demi Lovato,667419,6,2017-10-01,https://open.spotify.com/track/3m660poUr1chesgkkjQM7P,Demi LP2 - Island/Hollywood
2017-11-09,1,us,,25,25,USRC11701901,Silence,Marshmello,654231,7,2017-09-27,https://open.spotify.com/track/7vGuf3Y35N4wmASOKLUVVU,Joytime Collective/RCA Records
2017-11-09,1,us,,26,26,USUM71702220,Bad At Love,Halsey,637265,22,2017-10-30,https://open.spotify.com/track/7y9iMe8SOB6z3NoHE2OfXl,Astralwerks (ASW)
2017-11-09,1,us,,29,27,USUM71703085,HUMBLE.,Kendrick Lamar,619902,1,2017-03-31,https://open.spotify.com/track/7KXjTSCq5nL1LoYtL7XAwS,Top Dawg Entertainment/Aftermath Records/ Interscope Records
2017-11-09,1,us,,27,28,USUM71709685,"Let Me Go (with Alesso, Florida Georgia Line & watt)",Hailee Steinfeld,601893,20,2017-10-26,https://open.spotify.com/track/5AEtlRudpgdT5FtNiuly6Y,Universal Music Group
2017-11-09,1,us,,34,29,USSM11703478,Unforgettable,French Montana,589228,1,2017-07-27,https://open.spotify.com/track/3B54sVLJ402zGa6Xm4YGNe,Bad Boy Entertainment/Epic Records
2017-11-09,1,us,,32,30,USSM11704799,Butterfly Effect,Travis Scott,588956,9,2017-07-23,https://open.spotify.com/track/1yxgsra98r3qAtxqiGZPiX,Epic/Grand Hustle
2017-11-09,1,us,,28,31,GBUM71705145,Pray,Sam Smith,584214,25,2017-10-11,https://open.spotify.com/track/7DsX5K72fewVGb47qj7Tbg,Capitol
2017-11-09,1,us,,35,32,USAT21703137,Roll In Peace (feat. XXXTENTACION),Kodak Black,580578,22,2017-10-02,https://open.spotify.com/track/40oKW22ZNNkEdZLJTScaQI,Atlantic Records
2017-11-09,1,us,,33,33,USUYG1156892,Jocelyn Flores,XXXTENTACION,578868,3,2017-08-28,https://open.spotify.com/track/7m9OqQk4RVRkw9JJdeAw96,Bad Vibes Forever / EMPIRE
2017-11-09,1,us,,31,34,USAT21700437,Feel It Still,Portugal. The Man,578765,13,2017-10-19,https://open.spotify.com/track/6QgjcU0zLnzq5OrUoSZ3OK,Atlantic Records
2017-11-09,1,us,,36,35,USWB11701181,Meant to Be (feat. Florida Georgia Line),Bebe Rexha,571074,29,2017-10-23,https://open.spotify.com/track/7iDa6hUg2VgEL1o1HjmfBn,Warner Bros.
2017-11-09,1,us,,30,36,USAT21703429,The Way Life Goes (feat. Oh Wonder),Lil Uzi Vert,565079,4,2017-08-25,https://open.spotify.com/track/2eAZfqOm4EnOF9VvN50Tyc,Generation Now/Atlantic
2017-11-09,1,us,,37,37,USSM11607555,goosebumps,Travis Scott,560243,16,2017-05-28,https://open.spotify.com/track/6gBFPUFcJLzWGx4lenP6h2,Epic/Grand Hustle
2017-11-09,1,us,,38,38,USAT21702278,How Long,Charlie Puth,515629,36,2017-10-30,https://open.spotify.com/track/32DGGj6KlNuBr6WaqRxpxi,Artist Partner
2017-11-09,1,us,,39,39,TCACO1662934,Location,Khalid,509808,9,2017-06-03,https://open.spotify.com/track/152lZdxL1OR0ZMW6KquMif,"Right Hand Music Group, LLC/RCA Records"
2017-11-09,1,us,,43,40,USAT21701817,Drowning (feat. Kodak Black),A Boogie Wit da Hoodie,502255,18,2017-10-02,https://open.spotify.com/track/1f5cbQtDrykjarZVrShaDI,Highbridge The Label
2017-11-09,1,us,,40,41,USUYG1156898,Fuck Love (feat. Trippie Redd),XXXTENTACION,501592,7,2017-08-29,https://open.spotify.com/track/7AQim7LbvFVZJE3O8TYgf2,Bad Vibes Forever / EMPIRE
2017-11-09,1,us,,42,42,USUM71704167,Thunder,Imagine Dragons,492365,16,2017-06-23,https://open.spotify.com/track/0tKcYR2II1VCQWT79i5NrW,Digital Distribution Trinidad and Tobago
2017-11-09,1,us,,41,43,USRC11702155,Dusk Till Dawn - Radio Edit,ZAYN,491427,15,2017-09-11,https://open.spotify.com/track/1j4kHkkpqZRBwE0A4CN4Yv,RCA Records Label
2017-11-09,1,us,,44,44,QMCE31600876,Slippery (feat. Gucci Mane),Migos,488605,17,2017-06-14,https://open.spotify.com/track/6p8NuHm8uCGnn2Dtbtf7zE,Quality Control Music
2017-11-09,1,us,,45,45,USSM11705366,Rake It Up,Yo Gotti,478276,17,2017-09-16,https://open.spotify.com/track/4knL4iPxPOZjQzTUlELGSY,Epic/CMG
2017-11-09,1,us,,46,46,USUM71603455,Go Flex,Post Malone,457166,19,2017-10-13,https://open.spotify.com/track/5yuShbu70mtHXY0yLzCQLQ,Universal Records
2017-11-09,1,us,,48,47,SEBGA1700242,Stargazing,Kygo,448634,47,2017-11-09,https://open.spotify.com/track/0Zbbxnx4SGGHoIow4PpISP,Kygo
2017-11-09,1,us,,49,48,QZ8TY1700001,Glorious (feat. Skylar Grey),Macklemore,428197,19,2017-09-25,https://open.spotify.com/track/0CokSRCu5hZgPxcZBaEzVE,Bendo LLC
2017-11-09,1,us,,50,49,USUM71703088,LOVE. FEAT. ZACARI.,Kendrick Lamar,420512,5,2017-04-17,https://open.spotify.com/track/6PGoSes0D9eUDeeAafB2As,Top Dawg Entertainment/Aftermath Records/ Interscope Records
2017-11-09,1,us,,47,50,USCJY1750015,Call It What You Want,Taylor Swift,417888,12,2017-11-03,https://open.spotify.com/track/0tDfp0vFR95Gg6Mrhza3lX,"Big Machine Records, LLC"
2017-11-09,1,us,,51,51,TCADD1793884,The Race,Tay-K,412685,33,2017-09-23,https://open.spotify.com/track/5RCfvwDewu6p2x1mEI6smX,Tay-K
2017-11-09,1,us,,52,52,USAT21703427,Sauce It Up,Lil Uzi Vert,409210,6,2017-08-25,https://open.spotify.com/track/1uL78kFWxhz3umTMWJu8n5,Generation Now/Atlantic
2017-11-09,1,us,,54,53,USAT21703144,Transportin',Kodak Black,381124,30,2017-10-07,https://open.spotify.com/track/1WIZiOuNO3woKfdlSK2gNn,Atlantic Records
2017-11-09,1,us,,59,54,USUM71700626,Believer,Imagine Dragons,366469,9,2017-06-23,https://open.spotify.com/track/0CcQNd8CINkwQfe1RDtGV6,Digital Distribution Trinidad and Tobago
2017-11-09,1,us,,53,55,QZ45A1700063,Rap Saved Me,21 Savage,363896,13,2017-10-31,https://open.spotify.com/track/0tdCy39PgWN8LFWu34ORn3,Epic
2017-11-09,1,us,,55,56,USUM71710370,Wait,Maroon 5,362628,38,2017-11-03,https://open.spotify.com/track/4lUnFLtn8w3W76FiYDRzmO,222 Records/Interscope Records
2017-11-09,1,us,,63,57,USCJY1750000,Look What You Made Me Do,Taylor Swift,361064,1,2017-08-25,https://open.spotify.com/track/6uFsE1JgZ20EXyU0JQZbUR,"Big Machine Records, LLC"
2017-11-09,1,us,,60,58,USSM11708983,Betrayed,Lil Xan,360071,57,2017-11-07,https://open.spotify.com/track/6NWl2m8asvH83xjuXVNsuG,Columbia
2017-11-09,1,us,,64,59,USUM71703095,Magnolia,Playboi Carti,358966,10,2017-06-15,https://open.spotify.com/track/1e1JKLEDKP7hEQzJfNAgPl,AWGE/Interscope
2017-11-09,1,us,,62,60,USRC11700886,Love Galore,SZA,358100,23,2017-08-14,https://open.spotify.com/track/0q75NwOoFiARAVp4EXU4Bs,Top Dawg Entertainment/RCA Records
2017-11-09,1,us,,61,61,USUM71703079,DNA.,Kendrick Lamar,357357,2,2017-04-14,https://open.spotify.com/track/6HZILIRieu8S0iqY8kIKhj,Top Dawg Entertainment/Aftermath Records/ Interscope Records
2017-11-09,1,us,,57,62,NZUM71700468,"Homemade Dynamite (Feat. Khalid, Post Malone & SZA) - REMIX",Lorde,353749,32,2017-09-15,https://open.spotify.com/track/69Naniu2KjKjaQOBUagE8U,Universal Music
2017-11-09,1,us,,70,63,USYAH1600107,Redbone,Childish Gambino,351971,8,2017-06-12,https://open.spotify.com/track/3kxfsdsCpFgN412fpnW85Y,Glassnote Entertainment Group LLC
2017-11-09,1,us,,69,64,USAT21701747,Relationship (feat. Future),Young Thug,348623,53,2017-10-05,https://open.spotify.com/track/25oOaleife6E2MIKmFkPvg,Atlantic Records
2017-11-09,1,us,,67,65,QM24S1704221,Rubbin Off The Paint,YBN Nahmir,347473,65,2017-11-09,https://open.spotify.com/track/0taOCiup4HNG9LmbduVlJj,Human Re Sources / M.M.M
2017-11-09,1,us,,71,66,USUM71511528,White Iverson,Post Malone,345259,56,2017-10-12,https://open.spotify.com/track/6eT7xZZlB2mwyzJ2sUKG6w,Universal Records
2017-11-09,1,us,,75,67,USUM71700575,Body Like A Back Road,Sam Hunt,340314,12,2017-07-04,https://open.spotify.com/track/7mldq42yDuxiUNn08nvzHO,MCA Nashville
2017-11-09,1,us,,72,68,FR22F1701790,Mi Gente,J Balvin,340251,7,2017-08-12,https://open.spotify.com/track/2rb5MvYT7ZIxbKW5hfcHx8,Digital Distribution Trinidad and Tobago
2017-11-09,1,us,,74,69,USUM71701465,It's A Vibe,2 Chainz,337287,35,2017-07-29,https://open.spotify.com/track/6H0AwSQ20mo62jGlPGB8S6,Def Jam Recordings
2017-11-09,1,us,,56,70,QZ45A1700065,My Choppa Hate Niggas,21 Savage,336287,26,2017-11-01,https://open.spotify.com/track/2D2w9943rsnJOGCrI4aMQp,Epic
2017-11-09,1,us,,68,71,USAT21700928,Attention,Charlie Puth,335881,16,2017-08-02,https://open.spotify.com/track/4iLqG9SeJSnt0cSPICSjxv,Artist Partner
2017-11-09,1,us,,66,72,USUG11702041,Pull Up N Wreck (With Metro Boomin),Big Sean,333693,59,2017-11-03,https://open.spotify.com/track/0Gux2yTMWYOlcBUNjGJu5p,Universal Music Group
2017-11-09,1,us,,65,73,GBAHS1701012,I Miss You (feat. Julia Michaels),Clean Bandit,333491,58,2017-11-07,https://open.spotify.com/track/2xmrfQpmS2iJExTlklLoAL,Atlantic Records UK
2017-11-09,1,us,,76,74,FR22F1702140,Mi Gente (feat. Beyoncé),J Balvin,333014,8,2017-09-29,https://open.spotify.com/track/7fwXWKdDNI5IutOMc5OKYw,Digital Distribution Trinidad and Tobago
2017-11-09,1,us,,78,75,GBAHS1600463,Shape of You,Ed Sheeran,331487,1,2017-01-06,https://open.spotify.com/track/7qiZfU4dY1lWllzX7mPBI3,Atlantic Records UK
2017-11-09,1,us,,79,76,USCJY1750003,...Ready For It?,Taylor Swift,328866,1,2017-09-04,https://open.spotify.com/track/19WjVVgXjdKXfLXoaDPwTM,"Big Machine Records, LLC"
2017-11-09,1,us,,80,77,USUM71702277,wokeuplikethis*,Playboi Carti,327187,52,2017-05-28,https://open.spotify.com/track/59J5nzL1KniFHnU120dQzt,AWGE/Interscope
2017-11-09,1,us,,95,78,USAT21704701,The Way Life Goes (feat. Nicki Minaj & Oh Wonder) - Remix,Lil Uzi Vert,326123,78,2017-11-09,https://open.spotify.com/track/6GNifiuBPrKFpwNBYnooFm,Generation Now/Atlantic
2017-11-09,1,us,,85,79,USSM11701444,Mask Off,Future,321603,2,2017-03-09,https://open.spotify.com/track/0VgkVdmE4gld66l8iyGjgx,Epic/Freebandz/A1
2017-11-09,1,us,,73,80,QZ8TY1700016,Good Old Days (feat. Kesha),Macklemore,318520,57,2017-10-30,https://open.spotify.com/track/2Za1AlJNvksouPPWbXpR2X,Bendo LLC
2017-11-09,1,us,,82,81,USSM11606199,Losin Control,Russ,317417,58,2017-03-02,https://open.spotify.com/track/4cxMGhkinTocPSVVKWIw0d,Columbia
2017-11-09,1,us,,77,82,QMCE31701396,Feels Great (feat. Fetty Wap & CVBZ),Cheat Codes,314661,74,2017-10-19,https://open.spotify.com/track/5uu28fUesZMl89lf9CLrgN,300 Entertainment
2017-11-09,1,us,,94,83,USUM71708973,New Freezer (feat. Kendrick Lamar),Rich The Kid,313375,65,2017-10-26,https://open.spotify.com/track/4pYZLpX23Vx8rwDpJCpPTA,Interscope Records
2017-11-09,1,us,,84,84,USRC11701902,Questions,Chris Brown,312666,51,2017-08-18,https://open.spotify.com/track/3ojTJaonfkL96iIWa47SU3,RCA Records Label
2017-11-09,1,us,,58,85,GBUM71703746,Burning,Sam Smith,308495,50,2017-11-06,https://open.spotify.com/track/2mb6YdoavL6db22p7XKJQZ,Digital Distribution Trinidad and Tobago
2017-11-09,1,us,,89,86,USUG11700631,Slow Hands,Niall Horan,308379,24,2017-07-31,https://open.spotify.com/track/38yBBH2jacvDxrznF7h08J,Digital Distribution Trinidad and Tobago
2017-11-09,1,us,,86,87,USRN11600859,What Ifs,Kane Brown,303765,45,2017-10-18,https://open.spotify.com/track/7zVCrzzEJU7u24sbJPXA5W,RCA Records Label Nashville
2017-11-09,1,us,,92,88,USUYG1156894,Everybody Dies In Their Nightmares,XXXTENTACION,302084,15,2017-08-28,https://open.spotify.com/track/3GVkPk8mqxz0itaAriG1L7,Bad Vibes Forever / EMPIRE
2017-11-09,1,us,,88,89,USSM11709201,Patek Water,Future,299959,16,2017-10-20,https://open.spotify.com/track/7r6LNJT2LqpLpEyZQJPygt,Epic/300/Atlantic Recording Corporation
2017-11-09,1,us,,90,90,USRC11701962,Pills & Automobiles,Chris Brown,299900,73,2017-11-04,https://open.spotify.com/track/5gx2E5aIXMRBellPZW1up5,RCA Records Label
2017-11-09,1,us,,91,91,USSM11708242,Lemon,N.E.R.D,299147,45,2017-11-03,https://open.spotify.com/track/6tUgfsOa8PLkoede5nOR7D,Columbia
2017-11-09,1,us,,81,92,GBUM71703744,Say It First,Sam Smith,295442,55,2017-11-06,https://open.spotify.com/track/4K1vOdIFqskQv3zoI0FdAk,Digital Distribution Trinidad and Tobago
2017-11-09,1,us,,98,93,USLXJ1707370,Unforgettable,Thomas Rhett,294533,35,2017-09-14,https://open.spotify.com/track/30MM5jWpUmOxtTNd9Ey5LZ,The Valory Music Co.
2017-11-09,1,us,,107,94,USRC11701703,Sky Walker,Miguel,292091,90,2017-10-28,https://open.spotify.com/track/1DRW9bQzt2SE8f7H4KJZyL,ByStorm Entertainment/RCA Records
2017-11-09,1,us,,99,95,USUM71703825,Despacito - Remix,Luis Fonsi,291071,1,2017-06-03,https://open.spotify.com/track/5CtI0qwDJkDQGwXD1H1cLb,Digital Distribution Trinidad and Tobago
2017-11-09,1,us,,83,96,GBUM71703749,One Last Song,Sam Smith,287502,61,2017-11-06,https://open.spotify.com/track/01uk7IzZyFNfQTDBXxx6NB,Digital Distribution Trinidad and Tobago
2017-11-09,1,us,,96,97,DEE861600586,Say You Won't Let Go,James Arthur,285915,14,2017-01-30,https://open.spotify.com/track/5uCax9HTNlzGybIStD3vDh,Columbia
2017-11-09,1,us,,97,98,USCJY1750009,Gorgeous,Taylor Swift,285533,2,2017-10-20,https://open.spotify.com/track/5Gd19NupVe5X8bAqxf9Iaz,"Big Machine Records, LLC"
2017-11-09,1,us,,100,99,USRC11701134,Praying,Kesha,282387,15,2017-08-11,https://open.spotify.com/track/0jdny0dhgjUwoIp5GkqEaA,Kemosabe Records/RCA Records
2017-11-09,1,us,,87,100,GBUM71703755,Nothing Left For You,Sam Smith,279350,51,2017-11-03,https://open.spotify.com/track/4S2WtfT03YDIlXEwSX4Tjd,Safehouse Records / Island Records
2017-11-09,1,us,,101,101,GBUM71701628,Strip That Down,Liam Payne,279112,11,2017-08-08,https://open.spotify.com/track/6EpRaXYhGOB3fj4V2uDkMJ,Capitol
2017-11-09,1,us,,102,102,USUG11701396,Too Much To Ask,Niall Horan,278856,35,2017-09-15,https://open.spotify.com/track/4v094LQ9eF10k2O2Te2ngK,Capitol Records (US1A)
2017-11-09,1,us,,119,103,USSM11705088,Wild Thoughts,DJ Khaled,277947,1,2017-07-26,https://open.spotify.com/track/1OAh8uOEOvTDqkKFsKksCi,Epic/We The Best
2017-11-09,1,us,,108,104,USSM11703300,I'm the One,DJ Khaled,277368,2,2017-04-29,https://open.spotify.com/track/3DXncPQOG4VBw3QHh3S817,Epic/We The Best
2017-11-09,1,us,,110,105,SE5R71700108,Lonely Together (feat. Rita Ora),Avicii,276035,52,2017-08-16,https://open.spotify.com/track/2OALaHcDdKkjYEpAr0Qzab,Digital Distribution Israel
2017-11-09,1,us,,111,106,USAT21700379,Tunnel Vision,Kodak Black,274683,5,2017-03-04,https://open.spotify.com/track/4Q3N4Ct4zCuIHuZ65E3BD4,Atlantic Records
2017-11-09,1,us,,114,107,USAT21700378,iSpy (feat. Lil Yachty),KYLE,273200,2,2017-02-28,https://open.spotify.com/track/2EEeOnHehOozLq4aS0n6SL,Indie-Pop
2017-11-09,1,us,,103,108,USRC11701586,What About Us,P!nk,273004,42,2017-10-16,https://open.spotify.com/track/0Qh38w01QRXK6KHIv0e3hb,RCA Records Label
2017-11-09,1,us,,115,109,USUM71614503,Bounce Back,Big Sean,269803,3,2017-02-03,https://open.spotify.com/track/0SGkqnVQo9KPytSri1H6cF,Getting Out Our Dreams Inc. (G.O.O.D.) Music / IDJ
2017-11-09,1,us,,112,110,USUM71703086,LOYALTY. FEAT. RIHANNA.,Kendrick Lamar,269230,4,2017-04-14,https://open.spotify.com/track/6SwRhMLwNqEi6alNPVG00n,Top Dawg Entertainment/Aftermath Records/ Interscope Records
2017-11-09,1,us,,117,111,QMCE31600796,Bad and Boujee (feat. Lil Uzi Vert),Migos,268287,1,2017-01-01,https://open.spotify.com/track/4Km5HrUvYTaSUfiSGPJeQR,Quality Control Music
2017-11-09,1,us,,106,112,USUG11701759,New,Daya,264218,85,2017-10-30,https://open.spotify.com/track/7y4JznkAv2W3IKw9T1o2VK,Interscope Records
2017-11-09,1,us,,109,113,GBWWP1702907,I Like Me Better,Lauv,263413,30,2017-07-24,https://open.spotify.com/track/1wjzFQodRWrPcQ0AnYnvQ9,Lauv
2017-11-09,1,us,,116,114,USUM71708406,Perplexing Pegasus,Rae Sremmurd,262593,35,2017-08-05,https://open.spotify.com/track/2nYwV62UABTH0NanrwVIdQ,Eardrummer/Interscope Records
2017-11-09,1,us,,121,115,QMCE31600872,T-Shirt,Migos,262511,6,2017-01-27,https://open.spotify.com/track/7KOlJ92bu51cltsD9KU5I7,Quality Control Music
2017-11-09,1,us,,118,116,QMCE31701367,Pick It Up (feat. A$AP Rocky),Famous Dex,262083,116,2017-11-09,https://open.spotify.com/track/3ncgNpxLoBQ65ABk4djDyd,300 Entertainment
2017-11-09,1,us,,120,117,USSM11607551,beibs in the trap,Travis Scott,258289,95,2017-07-18,https://open.spotify.com/track/0ESJlaM8CE1jRWaNtwSNj8,Epic/Grand Hustle
2017-11-09,1,us,,123,118,USAT21602948,That's What I Like,Bruno Mars,257792,3,2017-03-03,https://open.spotify.com/track/0KKkJNfGyhkQ5aFogxQAPU,Atlantic Records
2017-11-09,1,us,,126,119,USWB11700884,Boss,Lil Pump,253747,54,2017-10-06,https://open.spotify.com/track/1rsAFUCa6BVMgRQ3FCQQsi,Warner Bros.
2017-11-09,1,us,,124,120,USRC11701116,The Weekend,SZA,252528,82,2017-09-14,https://open.spotify.com/track/6gU9OKjOE7ghfEd55oRO57,Top Dawg Entertainment/RCA Records
2017-11-09,1,us,,130,121,USUYG1131080,Look At Me!,XXXTENTACION,251206,33,2017-05-06,https://open.spotify.com/track/7floNISpH8VF4z4459Qo18,Bad Vibes Forever / EMPIRE
2017-11-09,1,us,,104,122,GBUM71703747,No Peace,Sam Smith,249405,79,2017-11-06,https://open.spotify.com/track/5ZX1X9Rl4zbx1Wwyn3idVD,Digital Distribution Trinidad and Tobago
2017-11-09,1,us,,129,123,USQX91402598,No Role Modelz,J. Cole,247960,64,2017-01-02,https://open.spotify.com/track/62vpWI1CHwFy7tMIcSStl8,Roc Nation/Columbia
2017-11-09,1,us,,105,124,GBUM71703745,Midnight Train,Sam Smith,247596,75,2017-11-06,https://open.spotify.com/track/1A85fOmviQuGgkF6Lww6Nd,Digital Distribution Trinidad and Tobago
2017-11-09,1,us,,93,125,USUM71708071,do re mi (feat. Gucci Mane),blackbear,244417,55,2017-10-01,https://open.spotify.com/track/53mrVsi49rLHIaKBiSvElG,Beartrap/Alamo/Interscope Records
2017-11-09,1,us,,132,126,USCM51700072,Passionfruit,Drake,242615,1,2017-03-19,https://open.spotify.com/track/7hDc8b7IXETo14hHIHdnhd,Universal Music Group
2017-11-09,1,us,,131,127,USRC11602777,Crew,GoldLink,240016,115,2017-10-26,https://open.spotify.com/track/15EPc80XuFrb2LmOzGjuRg,Squaaash Club/RCA Records
2017-11-09,1,us,,135,128,USLD91700850,do re mi,blackbear,236499,26,2017-05-03,https://open.spotify.com/track/3Q3myFA7q4Op95DOpHplaY,Beartrap/Alamo/Interscope Records
2017-11-09,1,us,,113,129,GBUM71703751,HIM,Sam Smith,236485,82,2017-11-06,https://open.spotify.com/track/3AFPGvRzeKeNJbIbLwcz4G,Digital Distribution Trinidad and Tobago
2017-11-09,1,us,,133,130,USUM71702833,There's Nothing Holdin' Me Back,Shawn Mendes,234422,26,2017-05-18,https://open.spotify.com/track/79cuOz3SPQTuFrp8WgftAu,Digital Distribution Trinidad and Tobago
2017-11-09,1,us,,125,131,QZ45A1700066,Nightmare,Offset,234176,28,2017-11-01,https://open.spotify.com/track/7LAhKXDNWwq3CmnFP3UIOP,Epic
2017-11-09,1,us,,148,132,TCACT1656901,First Day Out,Tee Grizzley,233132,67,2017-04-09,https://open.spotify.com/track/3muBQDekYAg7jm6hDu6R0Z,300 Entertainment
2017-11-09,1,us,,127,133,QZ45A1700067,Mad Stalkers,21 Savage,232862,34,2017-11-01,https://open.spotify.com/track/6HR1z11h0ROUlWP4Kx8Z7G,Epic
2017-11-09,1,us,,137,134,QZ45A1600041,X (feat. Future),21 Savage,232157,14,2017-01-01,https://open.spotify.com/track/6fwdbPMwP1zVStm8FybmkO,"Slaughter Gang, LLC"
2017-11-09,1,us,,136,135,USUYG1102245,PRBLMS,6LACK,232060,93,2017-06-15,https://open.spotify.com/track/2wf9bp4MkChojtljddWpbO,LVRN/Interscope Records
2017-11-09,1,us,,128,136,GBUM71703786,Bedroom Floor,Liam Payne,231210,46,2017-10-20,https://open.spotify.com/track/1pZdegOXTZ2ftINo3oUuRZ,Digital Distribution Trinidad and Tobago
2017-11-09,1,us,,144,137,USUM71603303,Swang,Rae Sremmurd,230340,21,2017-02-19,https://open.spotify.com/track/6mapJIPnQ23RTAevUoE0DL,Eardruma/Interscope Records
2017-11-09,1,us,,139,138,USAT21703236,Curve (feat. The Weeknd),Gucci Mane,229891,36,2017-09-15,https://open.spotify.com/track/2yuyaYAELoMG4ApV5wJsWR,Guwop Enterprises/Atlantic
2017-11-09,1,us,,142,139,QZ4751600015,When It Rains It Pours,Luke Combs,229788,110,2017-10-19,https://open.spotify.com/track/1mMLMZYXkMueg65jRRWG1l,River House Artists/Columbia Nashville
2017-11-09,1,us,,138,140,USAT21702941,No Smoke,YoungBoy Never Broke Again,229186,138,2017-11-08,https://open.spotify.com/track/57IRaiAB4hBZu3gnNVZC0v,"Never Broke Again, LLC"
2017-11-09,1,us,,122,141,GBUM71703748,"Baby, You Make Me Crazy",Sam Smith,228226,89,2017-11-06,https://open.spotify.com/track/1p1SbqeipOd4ezKUpxqaz6,Digital Distribution Trinidad and Tobago
2017-11-09,1,us,,146,142,USUM71705267,4 AM,2 Chainz,227452,19,2017-06-19,https://open.spotify.com/track/1nX9KhK3Fff27SnrIor2Yb,Def Jam Recordings
2017-11-09,1,us,,140,143,USUM71701077,Now Or Never,Halsey,227233,12,2017-06-05,https://open.spotify.com/track/7i2DJ88J7jQ8K7zqFX2fW8,Astralwerks (ASW)
2017-11-09,1,us,,134,144,USUM71709101,Friends (with BloodPop®),Justin Bieber,225783,2,2017-08-18,https://open.spotify.com/track/7nZmah2llfvLDiUjm0kiyz,Universal Music Group
2017-11-09,1,us,,153,145,USUG11600976,Starboy,The Weeknd,225024,3,2017-01-01,https://open.spotify.com/track/5aAx2yezTd8zXrkmtKl66Z,Universal Republic Records
2017-11-09,1,us,,154,146,USUM71601623,Heartache On The Dance Floor,Jon Pardi,224444,109,2017-09-25,https://open.spotify.com/track/0w3Q14i073jLoew1hgJkwD,Capitol Records Nashville
2017-11-09,1,us,,145,147,USUM71614471,No Option,Post Malone,224062,104,2017-10-12,https://open.spotify.com/track/6M0IsaUX4GNyto4niSegfI,Universal Records
2017-11-09,1,us,,152,148,USAT21600660,Money Longer,Lil Uzi Vert,223330,61,2017-01-07,https://open.spotify.com/track/0B8QzDH7YWih85V5SEMnyJ,Generation Now/Atlantic
2017-11-09,1,us,,150,149,USAT21703673,Undefeated (feat. 21 Savage),A Boogie Wit da Hoodie,222741,76,2017-10-02,https://open.spotify.com/track/2vaMWMPMgsWX4fwJiKmdWm,Highbridge The Label
2017-11-09,1,us,,151,150,USUM71701686,Myself,NAV,220740,89,2017-06-06,https://open.spotify.com/track/05nbZ1xxVNwUTcGwLbp7CN,XO Records
2017-11-09,1,us,,147,151,USQ4E1602586,"I Don’t Wanna Live Forever (Fifty Shades Darker) - From ""Fifty Shades Darker (Original Motion Picture Soundtrack)""",ZAYN,218943,3,2017-01-30,https://open.spotify.com/track/3NdDpSvN911VPGivFlV5d0,Digital Distribution Trinidad and Tobago
2017-11-09,1,us,,159,152,USLXJ1707356,Craving You,Thomas Rhett,217920,56,2017-07-06,https://open.spotify.com/track/2d48mamATjby7wgPjdrSOQ,The Valory Music Co.
2017-11-09,1,us,,155,153,USQX91700278,Something Just Like This,The Chainsmokers,217384,2,2017-02-24,https://open.spotify.com/track/6RUKPb4LETWmmr3iAEQktW,Disruptor Records/Columbia
2017-11-09,1,us,,167,154,QM3E21606006,In Case You Didn't Know,Brett Young,216326,94,2017-06-26,https://open.spotify.com/track/10M2Ex445zw585Ducldzkw,"Big Machine Label Group, LLC"
2017-11-09,1,us,,162,155,QMCE31700982,From The D To The A (feat. Lil Yachty),Tee Grizzley,215221,93,2017-04-10,https://open.spotify.com/track/2NyrXRn4tancYPW6JwtTl2,300 Entertainment
2017-11-09,1,us,,160,156,USQX91601347,Closer,The Chainsmokers,215120,4,2017-01-01,https://open.spotify.com/track/7BKLCZ1jbUBVqRi2FVlTVw,Disruptor Records/Columbia
2017-11-09,1,us,,143,157,QZ45A1700068,Disrespectful,21 Savage,214302,30,2017-11-01,https://open.spotify.com/track/3oxCefEI6Tc6Z6t20J4IvH,Epic
2017-11-09,1,us,,157,158,USUYG1107545,Ex Calling,6LACK,214150,58,2017-08-09,https://open.spotify.com/track/2RwmsAOxtiRezQPmvyejb8,LVRN/Interscope Records
2017-11-09,1,us,,141,159,USUG11701418,A Different Way (with Lauv),DJ Snake,213678,69,2017-09-22,https://open.spotify.com/track/0Wv5wuenRLI3BcwgT3HPIP,Digital Distribution Trinidad and Tobago
2017-11-09,1,us,,173,160,USUYG1098775,Broccoli (feat. Lil Yachty),DRAM,213472,6,2017-01-01,https://open.spotify.com/track/7yyRTcZmCiyzzJlNzGC9Ol,W.A.V.E. Recordings/EMPIRE/Atlantic
2017-11-09,1,us,,165,161,USCGH1697037,Caroline,Aminé,212777,6,2017-01-02,https://open.spotify.com/track/5hTpBe8h35rJ67eAWHQsJx,Universal Records
2017-11-09,1,us,,168,162,USRC11501051,Don't,Bryson Tiller,212647,77,2017-01-08,https://open.spotify.com/track/3pXF1nA74528Edde4of9CC,TrapSoul
2017-11-09,1,us,,163,163,USSM11606200,What They Want,Russ,212303,109,2017-05-11,https://open.spotify.com/track/3pndPhlQWjuSoXhcIIdBjv,Columbia
2017-11-09,1,us,,164,164,USCM51700055,Portland,Drake,211934,2,2017-03-20,https://open.spotify.com/track/2bjwRfXMk4uRgOD9IBYl9h,Universal Music Group
2017-11-09,1,us,,158,165,USRN11700005,Losing Sleep,Chris Young,211879,158,2017-11-08,https://open.spotify.com/track/6waqLPcT6ruMhmd36OhmFO,RCA Records Label Nashville
2017-11-09,1,us,,180,166,USWB11701030,D Rose,Lil Pump,209159,67,2017-10-06,https://open.spotify.com/track/1fEl5TPKRJAsuP6TqZ23hB,Warner Bros.
2017-11-09,1,us,,175,167,USAT21603373,Both (feat. Drake),Gucci Mane,209108,35,2017-02-11,https://open.spotify.com/track/5tFep7dXGd7vEJ668wTPux,Guwop Enterprises/Atlantic
2017-11-09,1,us,,170,168,USAT21703674,Say A',A Boogie Wit da Hoodie,207342,51,2017-09-29,https://open.spotify.com/track/3AMnOVxEHUgVrythGgqPhI,Highbridge The Label
2017-11-09,1,us,,179,169,USCM51700084,Fake Love,Drake,207119,2,2017-01-01,https://open.spotify.com/track/343YBumqHu19cGoGARUTsd,Universal Music Group
2017-11-09,1,us,,171,170,USRC11502185,Exchange,Bryson Tiller,207046,79,2017-01-05,https://open.spotify.com/track/43PuMrRfbyyuz4QpZ3oAwN,TrapSoul
2017-11-09,1,us,,176,171,USUG11700928,No Complaints,Metro Boomin,206266,26,2017-06-27,https://open.spotify.com/track/6kig1UFggPUyZBCvXD3Wod,Universal Music Group
2017-11-09,1,us,,181,172,USSM11604495,pick up the phone,Young Thug,205013,39,2017-01-01,https://open.spotify.com/track/20dP2DaMHIAmwWAbp7peSr,Epic/Grand Hustle
2017-11-09,1,us,,174,173,USAN21500068,Greatest Love Story,LANCO,203758,154,2017-10-24,https://open.spotify.com/track/0kdiUZDcLIFw0Buo9r0Q4z,Arista Nashville
2017-11-09,1,us,,178,174,USUM71700736,Stay (with Alessia Cara),Zedd,203077,9,2017-03-29,https://open.spotify.com/track/0dA2Mk56wEzDgegdC6R17g,Digital Distribution Trinidad and Tobago
2017-11-09,1,us,,182,175,USSM19400325,All I Want for Christmas Is You,Mariah Carey,202517,175,2017-11-09,https://open.spotify.com/track/0bYg9bo50gSsH3LtXe2SQn,Columbia
2017-11-09,1,us,,177,176,USUM71615691,Issues,Julia Michaels,201825,11,2017-02-16,https://open.spotify.com/track/6D0b04NJIKfEMg040WioJQ,J/Republic
2017-11-09,1,us,,191,177,USUYG1131733,Everyday We Lit (feat. PnB Rock),YFN Lucci,199734,95,2017-08-20,https://open.spotify.com/track/4PzovBqgnSHKd8opsP7IVM,Think It's A Game
2017-11-09,1,us,,194,178,USWB11701028,Flex Like Ouu,Lil Pump,198410,81,2017-10-06,https://open.spotify.com/track/2hJWZvTw4QVBwC14ZNs1Ib,Warner Bros.
2017-11-09,1,us,,183,179,USRC11602481,Saved,Khalid,198007,107,2017-03-06,https://open.spotify.com/track/248OFOZef6ShXv6DGgbnxU,"Right Hand Music Group, LLC/RCA Records"
2017-11-09,1,us,,188,180,USUG11600995,Die For You,The Weeknd,197530,75,2017-01-04,https://open.spotify.com/track/2LBqCSwhJGcFQeTHMVGwy3,Universal Republic Records
2017-11-09,1,us,,166,181,GBHMU1700053,Reggaetón Lento (Remix) [CNCO & Little Mix],CNCO,197284,117,2017-10-23,https://open.spotify.com/track/3zoYkqS4y2BsGVShPL2nTE,Syco Music
2017-11-09,1,us,,187,182,QMEU31704830,Love Scars,Trippie Redd,196749,128,2017-09-06,https://open.spotify.com/track/0AICBlLzFCTpUqmAbtzB2z,Strainge Entertainment
2017-11-09,1,us,,198,183,TCACO1667423,No Problem (feat. Lil Wayne & 2 Chainz),Chance The Rapper,196341,12,2017-02-13,https://open.spotify.com/track/0v9Wz8o0BT8DU38R4ddjeH,Chance the Rapper
2017-11-09,1,us,add,-1,184,GB28K1700061,Dirty Sexy Money (feat. Charli XCX & French Montana),David Guetta,195877,138,2017-11-03,https://open.spotify.com/track/0tPQPaOKM32WgMSbPCYyRH,Parlophone France
2017-11-09,1,us,add,-1,185,USIR10211066,'Till I Collapse,Eminem,194475,112,2017-10-11,https://open.spotify.com/track/6yr8GiTHWvFfi4o6Q5ebdT,Digital Distribution Trinidad and Tobago
2017-11-09,1,us,,190,186,GBARL1700772,Feels,Calvin Harris,194013,9,2017-07-01,https://open.spotify.com/track/5bcTCxgc7xVfSaMV3RuVke,Columbia
2017-11-09,1,us,,200,187,US58E1700584,Small Town Boy,Dustin Lynch,193611,82,2017-09-08,https://open.spotify.com/track/2YMhrXQYKkm4kXLcXKKd5z,Broken Bow Records
2017-11-09,1,us,,149,188,GBUM71703750,Palace,Sam Smith,193541,110,2017-11-06,https://open.spotify.com/track/3zesxb7sOGbeSwUrzLUP0f,Digital Distribution Trinidad and Tobago
2017-11-09,1,us,,184,189,USRC11700146,8TEEN,Khalid,193376,108,2017-03-06,https://open.spotify.com/track/5bgwqaRSS3M8WHWruHgSL5,"Right Hand Music Group, LLC/RCA Records"
2017-11-09,1,us,add,-1,190,QZ22B1856372,Ella Se Preparó,Dj Ozuna,193205,190,2017-11-09,https://open.spotify.com/track/1YqcGlCHNquxBhlUZsjhMT,Golden Urban Records
2017-11-09,1,us,add,-1,191,USCM51600028,One Dance,Drake,193115,7,2017-01-01,https://open.spotify.com/track/1xznGGDReH1oQq0xzbwXa3,Digital Distribution Trinidad and Tobago
2017-11-09,1,us,,185,192,USUM71703935,Most Girls,Hailee Steinfeld,192659,51,2017-05-18,https://open.spotify.com/track/2mfUa8bLs2s5N4VaqJZ4lZ,Universal Music Group
2017-11-09,1,us,add,-1,193,USAT21700490,"Horses (with PnB Rock, Kodak Black & A Boogie Wit da Hoodie)",PnB Rock,192440,117,2017-06-25,https://open.spotify.com/track/5de7ci7TFqbQ1PFgKAD7MR,Artist Partner
2017-11-09,1,us,,156,194,GBUM71703752,The Thrill Of It All,Sam Smith,192427,113,2017-11-06,https://open.spotify.com/track/6TwcRSQgztJFw8tQDrs35D,Digital Distribution Trinidad and Tobago
2017-11-09,1,us,,186,195,QMCE31700953,No Promises (feat. Demi Lovato),Cheat Codes,192168,50,2017-05-18,https://open.spotify.com/track/1louJpMmzEicAn7lzDalPW,Parlophone UK
2017-11-09,1,us,add,-1,196,TCACJ1540988,Hurricane,Luke Combs,190925,77,2017-06-08,https://open.spotify.com/track/6xHI9KjUjYT0FPtGO8Mxa1,River House Artists/Columbia Nashville
2017-11-09,1,us,,161,197,GBUM71703753,Scars,Sam Smith,190479,116,2017-11-06,https://open.spotify.com/track/6t4rYZeShwJai1YSs0tWOQ,Digital Distribution Trinidad and Tobago
2017-11-09,1,us,add,-1,198,GBARL1700262,Slide,Calvin Harris,190375,8,2017-07-01,https://open.spotify.com/track/7tr2za8SQg2CI8EDgrdtNl,Columbia
2017-11-09,1,us,,195,199,USUM71414638,Do I Make You Wanna,Billy Currington,189699,143,2017-08-03,https://open.spotify.com/track/3I7krC8kr0gFR7P6vInR1I,Mercury Nashville
2017-11-09,1,us,add,-1,200,USUM71709176,Light It Up,Luke Bryan,189328,157,2017-08-25,https://open.spotify.com/track/6znSbsDDFdBZaiucjUGaWy,Capitol Records Nashville
